{
    "mean_reward": 208.818708005,
    "max_reward": 305.341526,
    "min_reward": -217.572236,
    "std_reward": 102.7898366868683,
    "rewards": [
        -14.002549,
        145.660055,
        26.004431,
        267.293801,
        265.065493,
        24.465382,
        1.680279,
        290.314109,
        273.089875,
        266.242014,
        266.055241,
        255.620509,
        279.638709,
        292.486146,
        210.319357,
        282.891817,
        287.23462,
        269.659355,
        254.389609,
        232.115386,
        -15.025318,
        213.233536,
        248.473178,
        250.059155,
        34.59224,
        250.666125,
        250.958644,
        256.539473,
        14.945314,
        270.717431,
        241.701015,
        250.846707,
        28.604797,
        264.864113,
        218.717508,
        20.698213,
        217.045562,
        216.601034,
        47.13517,
        265.698491,
        -10.062411,
        224.18547,
        223.561037,
        239.696185,
        257.395878,
        259.290562,
        265.542845,
        -18.991311,
        238.846073,
        245.540455,
        251.006301,
        246.420036,
        240.676976,
        48.440822,
        265.871961,
        270.544568,
        272.310958,
        233.754056,
        255.322862,
        234.882868,
        244.47809,
        243.346898,
        239.053299,
        272.869988,
        186.412234,
        258.70023,
        240.79201,
        262.735188,
        247.878695,
        289.172926,
        259.68356,
        233.131951,
        241.674919,
        267.968937,
        264.10654,
        264.565282,
        24.909989,
        23.023976,
        276.695391,
        263.486331,
        291.368838,
        6.017917,
        282.118068,
        152.591086,
        270.5852,
        -33.486883,
        209.072082,
        284.42456,
        273.276619,
        275.437075,
        269.405375,
        -70.262727,
        4.328923,
        268.254199,
        219.261604,
        217.614287,
        271.405395,
        236.406102,
        256.693636,
        249.033059,
        247.897399,
        248.050128,
        270.371484,
        272.099156,
        244.172911,
        241.935669,
        -13.601435,
        -75.671374,
        280.995086,
        249.225858,
        249.102348,
        244.603498,
        279.075905,
        -172.7207,
        290.502297,
        290.111422,
        239.750907,
        266.49172,
        257.676965,
        -17.532775,
        281.190139,
        273.418154,
        23.927812,
        261.641831,
        268.57333,
        240.005162,
        276.353443,
        264.442309,
        263.763579,
        -12.416332,
        233.974875,
        258.931473,
        262.703907,
        226.619288,
        264.039775,
        239.069158,
        12.996738,
        226.60896,
        228.351941,
        291.528613,
        17.19206,
        233.353033,
        265.208004,
        254.129802,
        252.360036,
        270.837595,
        -217.572236,
        254.209379,
        242.03286,
        290.784913,
        225.441882,
        186.959211,
        210.610896,
        212.082321,
        252.851564,
        265.390734,
        251.395142,
        -1.830808,
        286.461204,
        240.715337,
        242.242076,
        226.901418,
        257.274048,
        276.982592,
        255.424871,
        264.682775,
        235.76735,
        195.706671,
        267.383602,
        259.793803,
        246.774946,
        260.89844,
        238.813248,
        248.41792,
        244.521152,
        244.621365,
        32.800636,
        217.467646,
        228.49145,
        13.958471,
        253.905023,
        238.761549,
        242.738526,
        274.124635,
        292.377261,
        245.198707,
        -17.402092,
        257.052796,
        247.354484,
        217.848506,
        268.518075,
        268.213336,
        186.304264,
        244.069982,
        256.380178,
        300.474338,
        269.289935,
        230.796657,
        261.971386,
        282.304892,
        262.579122,
        24.10654,
        238.412121,
        285.858889,
        252.037594,
        268.264548,
        272.630891,
        210.048335,
        234.419931,
        34.126802,
        -1.616612,
        262.050648,
        283.304554,
        -11.523396,
        283.216172,
        36.133988,
        235.91279,
        -43.087916,
        7.861355,
        266.78722,
        272.97677,
        273.946338,
        243.165446,
        274.602696,
        291.617852,
        -8.114889,
        262.515138,
        246.51284,
        245.586377,
        238.945977,
        241.194153,
        238.96491,
        11.653933,
        229.374258,
        31.488858,
        178.708026,
        277.460105,
        196.821921,
        267.374766,
        -15.317051,
        261.159163,
        211.65655,
        269.606535,
        229.891336,
        21.004944,
        264.6246,
        272.181365,
        250.657285,
        249.001255,
        50.474444,
        259.398557,
        244.264227,
        293.444434,
        266.721399,
        282.367441,
        274.8411,
        260.712464,
        269.013845,
        260.080147,
        260.04805,
        277.923219,
        229.296281,
        284.446378,
        47.769335,
        14.317332,
        255.514636,
        272.071763,
        273.958305,
        258.750075,
        221.423675,
        267.529923,
        247.649614,
        251.652213,
        262.05521,
        272.806103,
        262.082286,
        264.868184,
        298.196199,
        227.703525,
        232.829465,
        245.229213,
        214.269875,
        235.980698,
        269.66696,
        234.476498,
        255.899243,
        -11.39174,
        -104.653882,
        48.248677,
        244.578139,
        233.891489,
        40.058904,
        266.833492,
        -28.647807,
        251.856509,
        299.859674,
        277.312948,
        274.023357,
        238.712651,
        292.14033,
        305.341526,
        273.708372,
        257.174865,
        263.775253,
        286.539925,
        273.117573,
        230.366071,
        228.270529,
        283.789308,
        264.635254,
        284.665207,
        272.82919,
        -8.029971,
        282.744902,
        264.144829,
        285.013798,
        258.046013,
        204.054201,
        276.67148,
        236.664453,
        -81.003058,
        241.360693,
        251.715444,
        252.836035,
        230.590422,
        283.763514,
        25.515077,
        243.1439,
        279.651085,
        271.008397,
        258.432796,
        22.169034,
        255.594142,
        259.513748,
        225.352887,
        236.186491,
        262.203437,
        163.614795,
        260.188191,
        273.19271,
        268.691757,
        -60.435684,
        268.746734,
        302.946129,
        222.854989,
        238.774623,
        267.379578,
        290.576462,
        248.189245,
        289.565562,
        266.269081,
        256.853375,
        235.64539,
        243.459926,
        245.487656,
        262.987073,
        277.77488,
        245.689624,
        25.74672,
        277.227682,
        275.177067,
        264.892499,
        268.530444,
        241.273776,
        251.630735,
        231.752117,
        160.870734,
        275.352248,
        254.242475,
        259.337554,
        238.219778,
        282.995172,
        12.427999,
        232.238755,
        272.23541,
        273.032857,
        33.721013,
        242.15975,
        264.525651,
        287.843607,
        222.5966,
        252.064689,
        267.229813,
        249.047629,
        238.79494,
        -22.283857,
        281.287997,
        244.969244,
        203.351383,
        271.966594,
        253.915791,
        264.376175,
        231.28031,
        246.573085,
        216.651679,
        223.458588,
        253.096691,
